mrna_crosswalk,py_index
ENSG00000131591,0
ENSG00000131584,1
ENSG00000221978,2
ENSG00000215790,3
ENSG00000116151,4
ENSG00000157870,5
ENSG00000116213,6
ENSG00000204859,7
ENSG00000171621,8
ENSG00000162444,9
ENSG00000130940,10
ENSG00000120942,11
ENSG00000177000,12
ENSG00000011021,13
ENSG00000083444,14
ENSG00000171729,15
ENSG00000162458,16
ENSG00000183888,17
ENSG00000142627,18
ENSG00000132881,19
ENSG00000117115,20
ENSG00000162482,21
ENSG00000053371,22
ENSG00000040487,23
ENSG00000142794,24
ENSG00000133216,25
ENSG00000169641,26
ENSG00000204219,27
ENSG00000117305,28
ENSG00000179163,29
ENSG00000189266,30
ENSG00000169504,31
ENSG00000204178,32
ENSG00000162430,33
ENSG00000158006,34
ENSG00000158008,35
ENSG00000175087,36
ENSG00000060642,37
ENSG00000090020,38
ENSG00000142784,39
ENSG00000186501,40
ENSG00000130775,41
ENSG00000130766,42
ENSG00000084628,43
ENSG00000168528,44
ENSG00000121753,45
ENSG00000162520,46
ENSG00000162522,47
ENSG00000142687,48
ENSG00000020129,49
ENSG00000116885,50
ENSG00000163875,51
ENSG00000163879,52
ENSG00000131238,53
ENSG00000171793,54
ENSG00000127124,55
ENSG00000127125,56
ENSG00000186409,57
ENSG00000117399,58
ENSG00000159214,59
ENSG00000086015,60
ENSG00000117472,61
ENSG00000085998,62
ENSG00000117480,63
ENSG00000123472,64
ENSG00000142973,65
ENSG00000186160,66
ENSG00000132122,67
ENSG00000085831,68
ENSG00000154222,69
ENSG00000121310,70
ENSG00000174348,71
ENSG00000058799,72
ENSG00000211452,73
ENSG00000116209,74
ENSG00000116133,75
ENSG00000134709,76
ENSG00000134716,77
ENSG00000162599,78
ENSG00000162604,79
ENSG00000132849,80
ENSG00000230798,81
ENSG00000203965,82
ENSG00000079739,83
ENSG00000185483,84
ENSG00000116678,85
ENSG00000184588,86
ENSG00000152763,87
ENSG00000116704,88
ENSG00000116717,89
ENSG00000024526,90
ENSG00000066557,91
ENSG00000116783,92
ENSG00000117069,93
ENSG00000180488,94
ENSG00000162614,95
ENSG00000162616,96
ENSG00000137941,97
ENSG00000142875,98
ENSG00000203943,99
ENSG00000097096,100
ENSG00000142871,101
ENSG00000143013,102
ENSG00000117228,103
ENSG00000162645,104
ENSG00000154451,105
ENSG00000171492,106
ENSG00000122482,107
ENSG00000137936,108
ENSG00000117528,109
ENSG00000117519,110
ENSG00000117620,111
ENSG00000162692,112
ENSG00000134215,113
ENSG00000162639,114
ENSG00000116299,115
ENSG00000134222,116
ENSG00000134243,117
ENSG00000134202,118
ENSG00000168710,119
ENSG00000177272,120
ENSG00000162777,121
ENSG00000064886,122
ENSG00000173947,123
ENSG00000143079,124
ENSG00000184599,125
ENSG00000155380,126
ENSG00000081026,127
ENSG00000213281,128
ENSG00000198019,129
ENSG00000174827,130
ENSG00000014914,131
ENSG00000023902,132
ENSG00000143401,133
ENSG00000159208,134
ENSG00000143452,135
ENSG00000143418,136
ENSG00000143412,137
ENSG00000143409,138
ENSG00000213190,139
ENSG00000163220,140
ENSG00000143546,141
ENSG00000196754,142
ENSG00000160678,143
ENSG00000160741,144
ENSG00000143578,145
ENSG00000160712,146
ENSG00000143622,147
ENSG00000116586,148
ENSG00000254726,149
ENSG00000160789,150
ENSG00000198715,151
ENSG00000183856,152
ENSG00000132688,153
ENSG00000027869,154
ENSG00000143297,155
ENSG00000163568,156
ENSG00000213088,157
ENSG00000158714,158
ENSG00000162738,159
ENSG00000162739,160
ENSG00000117090,161
ENSG00000215845,162
ENSG00000186517,163
ENSG00000162755,164
ENSG00000173110,165
ENSG00000203747,166
ENSG00000072694,167
ENSG00000239887,168
ENSG00000162733,169
ENSG00000132196,170
ENSG00000143248,171
ENSG00000185630,172
ENSG00000198771,173
ENSG00000143147,174
ENSG00000213064,175
ENSG00000117479,176
ENSG00000094963,177
ENSG00000185278,178
ENSG00000116191,179
ENSG00000162782,180
ENSG00000135821,181
ENSG00000135862,182
ENSG00000058085,183
ENSG00000157181,184
ENSG00000116711,185
ENSG00000116750,186
ENSG00000066279,187
ENSG00000177888,188
ENSG00000118193,189
ENSG00000081277,190
ENSG00000159166,191
ENSG00000159176,192
ENSG00000159348,193
ENSG00000133048,194
ENSG00000159388,195
ENSG00000058668,196
ENSG00000122188,197
ENSG00000143845,198
ENSG00000143850,199
ENSG00000186007,200
ENSG00000117266,201
ENSG00000069275,202
ENSG00000117280,203
ENSG00000133065,204
ENSG00000117335,205
ENSG00000203709,206
ENSG00000174059,207
ENSG00000196878,208
ENSG00000203706,209
ENSG00000082497,210
ENSG00000054392,211
ENSG00000117650,212
ENSG00000066027,213
ENSG00000152104,214
ENSG00000117724,215
ENSG00000082482,216
ENSG00000136636,217
ENSG00000162814,218
ENSG00000143353,219
ENSG00000162817,220
ENSG00000117791,221
ENSG00000154305,222
ENSG00000203697,223
ENSG00000143514,224
ENSG00000162923,225
ENSG00000143815,226
ENSG00000143811,227
ENSG00000181450,228
ENSG00000119280,229
ENSG00000143643,230
ENSG00000182118,231
ENSG00000162946,232
ENSG00000116991,233
ENSG00000143674,234
ENSG00000116957,235
ENSG00000186197,236
ENSG00000203668,237
ENSG00000174371,238
ENSG00000143702,239
ENSG00000184731,240
ENSG00000130508,241
ENSG00000182551,242
ENSG00000176887,243
ENSG00000143870,244
ENSG00000162976,245
ENSG00000196208,246
ENSG00000134324,247
ENSG00000163032,248
ENSG00000118965,249
ENSG00000132031,250
ENSG00000143878,251
ENSG00000219626,252
ENSG00000115137,253
ENSG00000213699,254
ENSG00000138028,255
ENSG00000138074,256
ENSG00000115295,257
ENSG00000162949,258
ENSG00000049323,259
ENSG00000143924,260
ENSG00000138036,261
ENSG00000163001,262
ENSG00000119866,263
ENSG00000162929,264
ENSG00000115902,265
ENSG00000143971,266
ENSG00000169621,267
ENSG00000075340,268
ENSG00000135636,269
ENSG00000116096,270
ENSG00000144040,271
ENSG00000135631,272
ENSG00000116127,273
ENSG00000163017,274
ENSG00000115318,275
ENSG00000115363,276
ENSG00000152284,277
ENSG00000042445,278
ENSG00000042493,279
ENSG00000115525,280
ENSG00000068615,281
ENSG00000233757,282
ENSG00000235584,283
ENSG00000121152,284
ENSG00000114982,285
ENSG00000168763,286
ENSG00000075568,287
ENSG00000196872,288
ENSG00000144218,289
ENSG00000170500,290
ENSG00000071054,291
ENSG00000198914,292
ENSG00000135974,293
ENSG00000071051,294
ENSG00000144063,295
ENSG00000169679,296
ENSG00000188177,297
ENSG00000125611,298
ENSG00000169607,299
ENSG00000144134,300
ENSG00000163064,301
ENSG00000019169,302
ENSG00000115109,303
ENSG00000136717,304
ENSG00000152076,305
ENSG00000136002,306
ENSG00000163040,307
ENSG00000224559,308
ENSG00000197927,309
ENSG00000150551,310
ENSG00000115839,311
ENSG00000144228,312
ENSG00000115919,313
ENSG00000121964,314
ENSG00000168280,315
ENSG00000150556,316
ENSG00000187123,317
ENSG00000123609,318
ENSG00000115145,319
ENSG00000157827,320
ENSG00000153234,321
ENSG00000115165,322
ENSG00000204380,323
ENSG00000241399,324
ENSG00000054219,325
ENSG00000136560,326
ENSG00000198648,327
ENSG00000172292,328
ENSG00000163072,329
ENSG00000163093,330
ENSG00000144362,331
ENSG00000071967,332
ENSG00000144354,333
ENSG00000163364,334
ENSG00000196659,335
ENSG00000197557,336
ENSG00000170035,337
ENSG00000115232,338
ENSG00000115252,339
ENSG00000144369,340
ENSG00000003436,341
ENSG00000151687,342
ENSG00000189362,343
ENSG00000115419,344
ENSG00000173559,345
ENSG00000081320,346
ENSG00000115520,347
ENSG00000226124,348
ENSG00000082146,349
ENSG00000155760,350
ENSG00000138380,351
ENSG00000116117,352
ENSG00000138400,353
ENSG00000178385,354
ENSG00000078018,355
ENSG00000178568,356
ENSG00000118242,357
ENSG00000115556,358
ENSG00000163481,359
ENSG00000163482,360
ENSG00000135912,361
ENSG00000115661,362
ENSG00000072195,363
ENSG00000169047,364
ENSG00000153832,365
ENSG00000077044,366
ENSG00000188042,367
ENSG00000115648,368
ENSG00000124839,369
ENSG00000132326,370
ENSG00000204104,371
ENSG00000180902,372
ENSG00000150995,373
ENSG00000134107,374
ENSG00000114026,375
ENSG00000134072,376
ENSG00000171148,377
ENSG00000163704,378
ENSG00000125037,379
ENSG00000132164,380
ENSG00000170876,381
ENSG00000077092,382
ENSG00000152642,383
ENSG00000153551,384
ENSG00000153558,385
ENSG00000144681,386
ENSG00000114739,387
ENSG00000177873,388
ENSG00000182606,389
ENSG00000114812,390
ENSG00000196345,391
ENSG00000163808,392
ENSG00000163814,393
ENSG00000249992,394
ENSG00000163820,395
ENSG00000172215,396
ENSG00000160791,397
ENSG00000164045,398
ENSG00000213689,399
ENSG00000178537,400
ENSG00000173531,401
ENSG00000164068,402
ENSG00000001617,403
ENSG00000004838,404
ENSG00000041880,405
ENSG00000164086,406
ENSG00000114902,407
ENSG00000168301,408
ENSG00000168306,409
ENSG00000168309,410
ENSG00000114405,411
ENSG00000144749,412
ENSG00000163378,413
ENSG00000114861,414
ENSG00000114480,415
ENSG00000064225,416
ENSG00000057019,417
ENSG00000181458,418
ENSG00000154175,419
ENSG00000170017,420
ENSG00000114423,421
ENSG00000198919,422
ENSG00000153283,423
ENSG00000114529,424
ENSG00000091972,425
ENSG00000163607,426
ENSG00000144857,427
ENSG00000072858,428
ENSG00000121579,429
ENSG00000178075,430
ENSG00000031081,431
ENSG00000180353,432
ENSG00000173230,433
ENSG00000065534,434
ENSG00000065371,435
ENSG00000160145,436
ENSG00000221955,437
ENSG00000114547,438
ENSG00000163884,439
ENSG00000197763,440
ENSG00000198585,441
ENSG00000154928,442
ENSG00000158186,443
ENSG00000248932,444
ENSG00000114115,445
ENSG00000163864,446
ENSG00000158258,447
ENSG00000175093,448
ENSG00000163710,449
ENSG00000152952,450
ENSG00000152977,451
ENSG00000163751,452
ENSG00000047457,453
ENSG00000244468,454
ENSG00000018408,455
ENSG00000244265,456
ENSG00000152601,457
ENSG00000114805,458
ENSG00000163659,459
ENSG00000163661,460
ENSG00000174899,461
ENSG00000118849,462
ENSG00000151967,463
ENSG00000163536,464
ENSG00000085276,465
ENSG00000173890,466
ENSG00000075420,467
ENSG00000228221,468
ENSG00000228561,469
ENSG00000242539,470
ENSG00000114450,471
ENSG00000145075,472
ENSG00000205981,473
ENSG00000176597,474
ENSG00000172578,475
ENSG00000163872,476
ENSG00000090539,477
ENSG00000182580,478
ENSG00000163923,479
ENSG00000188001,480
ENSG00000090530,481
ENSG00000163347,482
ENSG00000131127,483
ENSG00000182903,484
ENSG00000215375,485
ENSG00000168993,486
ENSG00000178950,487
ENSG00000145214,488
ENSG00000127415,489
ENSG00000163945,490
ENSG00000168936,491
ENSG00000068078,492
ENSG00000168924,493
ENSG00000185049,494
ENSG00000243449,495
ENSG00000130997,496
ENSG00000063978,497
ENSG00000109736,498
ENSG00000132406,499
ENSG00000109501,500
ENSG00000013288,501
ENSG00000179010,502
ENSG00000251580,503
ENSG00000178988,504
ENSG00000186222,505
ENSG00000170871,506
ENSG00000132405,507
ENSG00000173011,508
ENSG00000087008,509
ENSG00000157869,510
ENSG00000137449,511
ENSG00000118564,512
ENSG00000007062,513
ENSG00000169762,514
ENSG00000151552,515
ENSG00000163257,516
ENSG00000157765,517
ENSG00000091490,518
ENSG00000109680,519
ENSG00000154274,520
ENSG00000181826,521
ENSG00000065882,522
ENSG00000157796,523
ENSG00000121897,524
ENSG00000109814,525
ENSG00000163683,526
ENSG00000168421,527
ENSG00000174343,528
ENSG00000154277,529
ENSG00000124406,530
ENSG00000151806,531
ENSG00000163281,532
ENSG00000145246,533
ENSG00000109180,534
ENSG00000109220,535
ENSG00000134853,536
ENSG00000145241,537
ENSG00000018189,538
ENSG00000163626,539
ENSG00000163738,540
ENSG00000109321,541
ENSG00000156219,542
ENSG00000169245,543
ENSG00000169248,544
ENSG00000189157,545
ENSG00000138771,546
ENSG00000138764,547
ENSG00000138670,548
ENSG00000163624,549
ENSG00000163625,550
ENSG00000163629,551
ENSG00000138640,552
ENSG00000180346,553
ENSG00000184305,554
ENSG00000138696,555
ENSG00000196616,556
ENSG00000070190,557
ENSG00000168772,558
ENSG00000236699,559
ENSG00000168743,560
ENSG00000138801,561
ENSG00000198856,562
ENSG00000005059,563
ENSG00000123739,564
ENSG00000109534,565
ENSG00000174749,566
ENSG00000145362,567
ENSG00000174607,568
ENSG00000172403,569
ENSG00000138735,570
ENSG00000151458,571
ENSG00000164066,572
ENSG00000085871,573
ENSG00000153132,574
ENSG00000179387,575
ENSG00000109436,576
ENSG00000170153,577
ENSG00000109452,578
ENSG00000198589,579
ENSG00000109654,580
ENSG00000121211,581
ENSG00000137462,582
ENSG00000164114,583
ENSG00000109738,584
ENSG00000164125,585
ENSG00000248429,586
ENSG00000170088,587
ENSG00000109472,588
ENSG00000145439,589
ENSG00000198948,590
ENSG00000109586,591
ENSG00000164106,592
ENSG00000164117,593
ENSG00000164118,594
ENSG00000164120,595
ENSG00000151725,596
ENSG00000154553,597
ENSG00000083857,598
ENSG00000249430,599
ENSG00000153404,600
ENSG00000028310,601
ENSG00000170549,602
ENSG00000145545,603
ENSG00000164237,604
ENSG00000169862,605
ENSG00000154124,606
ENSG00000154122,607
ENSG00000183580,608
ENSG00000154153,609
ENSG00000133401,610
ENSG00000113384,611
ENSG00000113387,612
ENSG00000113389,613
ENSG00000164187,614
ENSG00000145604,615
ENSG00000164327,616
ENSG00000171522,617
ENSG00000112936,618
ENSG00000083720,619
ENSG00000151876,620
ENSG00000250722,621
ENSG00000251141,622
ENSG00000248779,623
ENSG00000112996,624
ENSG00000164283,625
ENSG00000067248,626
ENSG00000134352,627
ENSG00000113448,628
ENSG00000035499,629
ENSG00000164181,630
ENSG00000113595,631
ENSG00000069020,632
ENSG00000134056,633
ENSG00000183323,634
ENSG00000152939,635
ENSG00000183474,636
ENSG00000205572,637
ENSG00000205571,638
ENSG00000226259,639
ENSG00000172058,640
ENSG00000172062,641
ENSG00000145736,642
ENSG00000131844,643
ENSG00000113163,644
ENSG00000145703,645
ENSG00000164220,646
ENSG00000085365,647
ENSG00000164309,648
ENSG00000113296,649
ENSG00000249042,650
ENSG00000205464,651
ENSG00000153140,652
ENSG00000164199,653
ENSG00000113369,654
ENSG00000113391,655
ENSG00000175471,656
ENSG00000174136,657
ENSG00000174132,658
ENSG00000113532,659
ENSG00000145723,660
ENSG00000145725,661
ENSG00000181751,662
ENSG00000112874,663
ENSG00000184349,664
ENSG00000145743,665
ENSG00000164209,666
ENSG00000129595,667
ENSG00000047188,668
ENSG00000172869,669
ENSG00000113083,670
ENSG00000113368,671
ENSG00000138829,672
ENSG00000217128,673
ENSG00000233006,674
ENSG00000197375,675
ENSG00000113522,676
ENSG00000223442,677
ENSG00000164405,678
ENSG00000155329,679
ENSG00000237190,680
ENSG00000181904,681
ENSG00000132570,682
ENSG00000146021,683
ENSG00000112981,684
ENSG00000044115,685
ENSG00000249751,686
ENSG00000184584,687
ENSG00000171604,688
ENSG00000243056,689
ENSG00000113108,690
ENSG00000176087,691
ENSG00000120314,692
ENSG00000112852,693
ENSG00000164620,694
ENSG00000156453,695
ENSG00000013561,696
ENSG00000131507,697
ENSG00000178776,698
ENSG00000173210,699
ENSG00000132912,700
ENSG00000086570,701
ENSG00000082516,702
ENSG00000164330,703
ENSG00000145860,704
ENSG00000164611,705
ENSG00000040275,706
ENSG00000134516,707
ENSG00000043462,708
ENSG00000145936,709
ENSG00000094755,710
ENSG00000204764,711
ENSG00000120129,712
ENSG00000113719,713
ENSG00000253768,714
ENSG00000170085,715
ENSG00000146066,716
ENSG00000131187,717
ENSG00000113758,718
ENSG00000196923,719
ENSG00000184840,720
ENSG00000145911,721
ENSG00000054598,722
ENSG00000124570,723
ENSG00000124787,724
ENSG00000124785,725
ENSG00000124782,726
ENSG00000239264,727
ENSG00000111846,728
ENSG00000197977,729
ENSG00000008083,730
ENSG00000007944,731
ENSG00000230873,732
ENSG00000124795,733
ENSG00000172201,734
ENSG00000112242,735
ENSG00000145996,736
ENSG00000124766,737
ENSG00000079691,738
ENSG00000124610,739
ENSG00000158406,740
ENSG00000186470,741
ENSG00000026950,742
ENSG00000124635,743
ENSG00000196787,744
ENSG00000112812,745
ENSG00000213886,746
ENSG00000204681,747
ENSG00000204642,748
ENSG00000206503,749
ENSG00000204592,750
ENSG00000204574,751
ENSG00000146112,752
ENSG00000137310,753
ENSG00000234745,754
ENSG00000204482,755
ENSG00000204385,756
ENSG00000244731,757
ENSG00000224389,758
ENSG00000168477,759
ENSG00000213654,760
ENSG00000204287,761
ENSG00000196126,762
ENSG00000196735,763
ENSG00000204267,764
ENSG00000168394,765
ENSG00000240065,766
ENSG00000137309,767
ENSG00000186577,768
ENSG00000124664,769
ENSG00000064999,770
ENSG00000146197,771
ENSG00000112033,772
ENSG00000096063,773
ENSG00000112079,774
ENSG00000226976,775
ENSG00000172738,776
ENSG00000164626,777
ENSG00000124731,778
ENSG00000234753,779
ENSG00000137166,780
ENSG00000112559,781
ENSG00000112578,782
ENSG00000124702,783
ENSG00000112655,784
ENSG00000124571,785
ENSG00000172432,786
ENSG00000112715,787
ENSG00000112796,788
ENSG00000146072,789
ENSG00000170915,790
ENSG00000096093,791
ENSG00000065308,792
ENSG00000170899,793
ENSG00000168143,794
ENSG00000112208,795
ENSG00000112742,796
ENSG00000146242,797
ENSG00000065833,798
ENSG00000135318,799
ENSG00000135346,800
ENSG00000188994,801
ENSG00000135334,802
ENSG00000118412,803
ENSG00000123545,804
ENSG00000132423,805
ENSG00000112249,806
ENSG00000085382,807
ENSG00000057657,808
ENSG00000057663,809
ENSG00000130347,810
ENSG00000130349,811
ENSG00000178409,812
ENSG00000025796,813
ENSG00000081087,814
ENSG00000080546,815
ENSG00000155111,816
ENSG00000123505,817
ENSG00000155115,818
ENSG00000197498,819
ENSG00000010810,820
ENSG00000112761,821
ENSG00000196591,822
ENSG00000188820,823
ENSG00000153989,824
ENSG00000164434,825
ENSG00000146373,826
ENSG00000111912,827
ENSG00000203760,828
ENSG00000196569,829
ENSG00000118513,830
ENSG00000135541,831
ENSG00000112357,832
ENSG00000016402,833
ENSG00000112378,834
ENSG00000112379,835
ENSG00000135597,836
ENSG00000233330,837
ENSG00000131019,838
ENSG00000198729,839
ENSG00000120278,840
ENSG00000120254,841
ENSG00000146476,842
ENSG00000120262,843
ENSG00000091831,844
ENSG00000120279,845
ENSG00000112029,846
ENSG00000153721,847
ENSG00000213079,848
ENSG00000146426,849
ENSG00000029639,850
ENSG00000164691,851
ENSG00000112096,852
ENSG00000185127,853
ENSG00000177706,854
ENSG00000164855,855
ENSG00000106003,856
ENSG00000075618,857
ENSG00000106392,858
ENSG00000003147,859
ENSG00000106460,860
ENSG00000006747,861
ENSG00000171243,862
ENSG00000106537,863
ENSG00000106541,864
ENSG00000173467,865
ENSG00000105855,866
ENSG00000122591,867
ENSG00000188732,868
ENSG00000105926,869
ENSG00000070882,870
ENSG00000172115,871
ENSG00000176532,872
ENSG00000240583,873
ENSG00000154678,874
ENSG00000011426,875
ENSG00000122641,876
ENSG00000106571,877
ENSG00000106605,878
ENSG00000136286,879
ENSG00000146674,880
ENSG00000183696,881
ENSG00000106070,882
ENSG00000132434,883
ENSG00000234444,884
ENSG00000173041,885
ENSG00000196247,886
ENSG00000146757,887
ENSG00000158517,888
ENSG00000127946,889
ENSG00000186088,890
ENSG00000135218,891
ENSG00000019991,892
ENSG00000170381,893
ENSG00000164659,894
ENSG00000005469,895
ENSG00000006634,896
ENSG00000127954,897
ENSG00000157214,898
ENSG00000105792,899
ENSG00000157240,900
ENSG00000127914,901
ENSG00000157259,902
ENSG00000127980,903
ENSG00000105810,904
ENSG00000127995,905
ENSG00000004864,906
ENSG00000196636,907
ENSG00000198742,908
ENSG00000176402,909
ENSG00000160862,910
ENSG00000213420,911
ENSG00000106397,912
ENSG00000128581,913
ENSG00000164815,914
ENSG00000005483,915
ENSG00000253276,916
ENSG00000091129,917
ENSG00000006652,918
ENSG00000135269,919
ENSG00000105976,920
ENSG00000135245,921
ENSG00000128595,922
ENSG00000158457,923
ENSG00000128602,924
ENSG00000158467,925
ENSG00000128510,926
ENSG00000158623,927
ENSG00000122786,928
ENSG00000189320,929
ENSG00000182158,930
ENSG00000105948,931
ENSG00000165125,932
ENSG00000178826,933
ENSG00000159840,934
ENSG00000244198,935
ENSG00000106462,936
ENSG00000155660,937
ENSG00000181444,938
ENSG00000133574,939
ENSG00000164885,940
ENSG00000082014,941
ENSG00000196584,942
ENSG00000133627,943
ENSG00000146918,944
ENSG00000117868,945
ENSG00000147364,946
ENSG00000253982,947
ENSG00000091879,948
ENSG00000104643,949
ENSG00000154328,950
ENSG00000186523,951
ENSG00000154359,952
ENSG00000155975,953
ENSG00000003987,954
ENSG00000003989,955
ENSG00000129422,956
ENSG00000104763,957
ENSG00000171428,958
ENSG00000104611,959
ENSG00000147443,960
ENSG00000158863,961
ENSG00000008853,962
ENSG00000134013,963
ENSG00000184661,964
ENSG00000197892,965
ENSG00000120875,966
ENSG00000104671,967
ENSG00000104687,968
ENSG00000104691,969
ENSG00000129696,970
ENSG00000183779,971
ENSG00000147475,972
ENSG00000156675,973
ENSG00000129691,974
ENSG00000085788,975
ENSG00000147535,976
ENSG00000147548,977
ENSG00000165046,978
ENSG00000077782,979
ENSG00000169499,980
ENSG00000131203,981
ENSG00000104332,982
ENSG00000070718,983
ENSG00000104365,984
ENSG00000104738,985
ENSG00000237807,986
ENSG00000187735,987
ENSG00000137547,988
ENSG00000254087,989
ENSG00000169122,990
ENSG00000035681,991
ENSG00000171316,992
ENSG00000137563,993
ENSG00000205268,994
ENSG00000046889,995
ENSG00000147586,996
ENSG00000076554,997
ENSG00000170323,998
ENSG00000123124,999
ENSG00000176623,1000
ENSG00000079102,1001
ENSG00000205133,1002
ENSG00000164953,1003
ENSG00000164949,1004
ENSG00000164938,1005
ENSG00000175895,1006
ENSG00000164920,1007
ENSG00000132549,1008
ENSG00000164919,1009
ENSG00000132554,1010
ENSG00000154188,1011
ENSG00000147642,1012
ENSG00000227170,1013
ENSG00000164754,1014
ENSG00000205002,1015
ENSG00000164756,1016
ENSG00000164758,1017
ENSG00000136999,1018
ENSG00000136982,1019
ENSG00000187955,1020
ENSG00000172164,1021
ENSG00000156804,1022
ENSG00000164983,1023
ENSG00000104549,1024
ENSG00000147697,1025
ENSG00000153310,1026
ENSG00000165071,1027
ENSG00000155926,1028
ENSG00000104419,1029
ENSG00000066827,1030
ENSG00000104472,1031
ENSG00000123908,1032
ENSG00000169398,1033
ENSG00000105339,1034
ENSG00000022567,1035
ENSG00000184489,1036
ENSG00000234616,1037
ENSG00000160886,1038
ENSG00000180155,1039
ENSG00000167656,1040
ENSG00000160932,1041
ENSG00000250571,1042
ENSG00000184428,1043
ENSG00000147813,1044
ENSG00000183309,1045
ENSG00000181135,1046
ENSG00000180900,1047
ENSG00000179950,1048
ENSG00000185189,1049
ENSG00000255224,1050
ENSG00000235173,1051
ENSG00000185803,1052
ENSG00000173137,1053
ENSG00000160949,1054
ENSG00000160972,1055
ENSG00000167701,1056
ENSG00000160957,1057
ENSG00000182307,1058
ENSG00000107104,1059
ENSG00000147852,1060
ENSG00000080608,1061
ENSG00000197646,1062
ENSG00000147872,1063
ENSG00000137145,1064
ENSG00000099810,1065
ENSG00000147889,1066
ENSG00000120162,1067
ENSG00000235453,1068
ENSG00000086062,1069
ENSG00000107262,1070
ENSG00000086065,1071
ENSG00000005238,1072
ENSG00000198853,1073
ENSG00000198467,1074
ENSG00000137103,1075
ENSG00000196196,1076
ENSG00000122694,1077
ENSG00000168795,1078
ENSG00000147912,1079
ENSG00000122741,1080
ENSG00000137124,1081
ENSG00000215126,1082
ENSG00000147996,1083
ENSG00000135046,1084
ENSG00000135002,1085
ENSG00000187210,1086
ENSG00000197969,1087
ENSG00000135069,1088
ENSG00000165105,1089
ENSG00000172159,1090
ENSG00000148057,1091
ENSG00000165113,1092
ENSG00000165118,1093
ENSG00000135052,1094
ENSG00000135070,1095
ENSG00000196730,1096
ENSG00000156345,1097
ENSG00000187742,1098
ENSG00000165030,1099
ENSG00000106809,1100
ENSG00000127080,1101
ENSG00000157303,1102
ENSG00000131669,1103
ENSG00000188938,1104
ENSG00000048828,1105
ENSG00000165140,1106
ENSG00000136943,1107
ENSG00000188801,1108
ENSG00000106789,1109
ENSG00000165138,1110
ENSG00000066697,1111
ENSG00000106701,1112
ENSG00000148143,1113
ENSG00000242631,1114
ENSG00000243444,1115
ENSG00000241978,1116
ENSG00000188959,1117
ENSG00000173258,1118
ENSG00000148154,1119
ENSG00000119471,1120
ENSG00000148225,1121
ENSG00000148218,1122
ENSG00000136883,1123
ENSG00000196739,1124
ENSG00000157693,1125
ENSG00000181634,1126
ENSG00000041982,1127
ENSG00000148219,1128
ENSG00000106780,1129
ENSG00000056558,1130
ENSG00000119396,1131
ENSG00000171448,1132
ENSG00000136944,1133
ENSG00000136828,1134
ENSG00000136895,1135
ENSG00000136856,1136
ENSG00000148356,1137
ENSG00000136854,1138
ENSG00000148346,1139
ENSG00000167113,1140
ENSG00000167157,1141
ENSG00000130707,1142
ENSG00000126878,1143
ENSG00000148290,1144
ENSG00000160325,1145
ENSG00000196422,1146
ENSG00000160345,1147
ENSG00000148400,1148
ENSG00000213213,1149
ENSG00000176978,1150
ENSG00000198113,1151
ENSG00000187609,1152
ENSG00000181090,1153
ENSG00000067057,1154
ENSG00000165568,1155
ENSG00000178372,1156
ENSG00000134470,1157
ENSG00000134460,1158
ENSG00000232638,1159
ENSG00000107485,1160
ENSG00000223808,1161
ENSG00000065328,1162
ENSG00000086475,1163
ENSG00000151474,1164
ENSG00000152455,1165
ENSG00000148468,1166
ENSG00000165983,1167
ENSG00000148484,1168
ENSG00000229124,1169
ENSG00000165996,1170
ENSG00000099256,1171
ENSG00000136754,1172
ENSG00000095787,1173
ENSG00000216937,1174
ENSG00000108100,1175
ENSG00000177283,1176
ENSG00000229644,1177
ENSG00000148513,1178
ENSG00000234918,1179
ENSG00000235687,1180
ENSG00000165733,1181
ENSG00000169826,1182
ENSG00000243660,1183
ENSG00000196793,1184
ENSG00000107551,1185
ENSG00000165507,1186
ENSG00000165406,1187
ENSG00000172671,1188
ENSG00000204175,1189
ENSG00000128805,1190
ENSG00000196932,1191
ENSG00000108176,1192
ENSG00000204130,1193
ENSG00000138336,1194
ENSG00000099284,1195
ENSG00000198246,1196
ENSG00000122863,1197
ENSG00000107742,1198
ENSG00000168209,1199
ENSG00000122884,1200
ENSG00000156650,1201
ENSG00000156671,1202
ENSG00000151208,1203
ENSG00000108175,1204
ENSG00000133678,1205
ENSG00000122378,1206
ENSG00000148671,1207
ENSG00000148672,1208
ENSG00000122376,1209
ENSG00000107789,1210
ENSG00000171862,1211
ENSG00000165338,1212
ENSG00000119938,1213
ENSG00000107854,1214
ENSG00000198060,1215
ENSG00000119912,1216
ENSG00000138190,1217
ENSG00000108239,1218
ENSG00000119977,1219
ENSG00000155629,1220
ENSG00000165879,1221
ENSG00000171160,1222
ENSG00000155256,1223
ENSG00000014919,1224
ENSG00000119929,1225
ENSG00000107554,1226
ENSG00000119906,1227
ENSG00000055950,1228
ENSG00000166167,1229
ENSG00000156398,1230
ENSG00000166272,1231
ENSG00000166275,1232
ENSG00000107960,1233
ENSG00000148841,1234
ENSG00000214413,1235
ENSG00000108061,1236
ENSG00000165816,1237
ENSG00000151892,1238
ENSG00000225302,1239
ENSG00000187164,1240
ENSG00000165646,1241
ENSG00000165669,1242
ENSG00000188613,1243
ENSG00000165672,1244
ENSG00000107672,1245
ENSG00000119965,1246
ENSG00000196177,1247
ENSG00000203791,1248
ENSG00000203780,1249
ENSG00000170430,1250
ENSG00000185187,1251
ENSG00000185101,1252
ENSG00000023191,1253
ENSG00000254815,1254
ENSG00000149043,1255
ENSG00000183734,1256
ENSG00000244734,1257
ENSG00000170955,1258
ENSG00000110171,1259
ENSG00000132254,1260
ENSG00000179532,1261
ENSG00000166394,1262
ENSG00000175356,1263
ENSG00000148926,1264
ENSG00000110328,1265
ENSG00000110693,1266
ENSG00000110696,1267
ENSG00000173432,1268
ENSG00000151116,1269
ENSG00000121621,1270
ENSG00000169519,1271
ENSG00000166016,1272
ENSG00000135374,1273
ENSG00000110436,1274
ENSG00000151348,1275
ENSG00000157570,1276
ENSG00000181830,1277
ENSG00000110492,1278
ENSG00000086205,1279
ENSG00000134802,1280
ENSG00000149150,1281
ENSG00000166793,1282
ENSG00000156689,1283
ENSG00000166840,1284
ENSG00000013725,1285
ENSG00000167987,1286
ENSG00000134824,1287
ENSG00000124935,1288
ENSG00000110484,1289
ENSG00000124942,1290
ENSG00000185475,1291
ENSG00000168004,1292
ENSG00000133328,1293
ENSG00000176485,1294
ENSG00000167771,1295
ENSG00000176340,1296
ENSG00000002330,1297
ENSG00000173264,1298
ENSG00000149809,1299
ENSG00000172543,1300
ENSG00000174684,1301
ENSG00000174165,1302
ENSG00000174080,1303
ENSG00000172932,1304
ENSG00000172830,1305
ENSG00000175482,1306
ENSG00000084207,1307
ENSG00000132746,1308
ENSG00000132749,1309
ENSG00000110090,1310
ENSG00000132740,1311
ENSG00000110092,1312
ENSG00000186635,1313
ENSG00000256007,1314
ENSG00000214530,1315
ENSG00000175591,1316
ENSG00000021300,1317
ENSG00000181924,1318
ENSG00000254429,1319
ENSG00000137486,1320
ENSG00000158636,1321
ENSG00000137507,1322
ENSG00000182704,1323
ENSG00000118369,1324
ENSG00000137502,1325
ENSG00000137494,1326
ENSG00000137501,1327
ENSG00000109861,1328
ENSG00000166002,1329
ENSG00000184384,1330
ENSG00000183340,1331
ENSG00000082175,1332
ENSG00000152558,1333
ENSG00000137673,1334
ENSG00000196611,1335
ENSG00000187240,1336
ENSG00000170903,1337
ENSG00000182359,1338
ENSG00000178105,1339
ENSG00000149289,1340
ENSG00000110777,1341
ENSG00000150787,1342
ENSG00000149294,1343
ENSG00000149292,1344
ENSG00000109906,1345
ENSG00000182985,1346
ENSG00000137656,1347
ENSG00000168092,1348
ENSG00000160613,1349
ENSG00000137726,1350
ENSG00000137747,1351
ENSG00000160588,1352
ENSG00000149573,1353
ENSG00000160654,1354
ENSG00000172425,1355
ENSG00000118096,1356
ENSG00000188486,1357
ENSG00000172273,1358
ENSG00000160703,1359
ENSG00000110395,1360
ENSG00000110400,1361
ENSG00000137699,1362
ENSG00000154127,1363
ENSG00000166250,1364
ENSG00000149564,1365
ENSG00000154134,1366
ENSG00000149554,1367
ENSG00000134954,1368
ENSG00000166106,1369
ENSG00000149328,1370
ENSG00000120647,1371
ENSG00000171840,1372
ENSG00000111186,1373
ENSG00000111247,1374
ENSG00000010219,1375
ENSG00000111319,1376
ENSG00000139193,1377
ENSG00000111639,1378
ENSG00000010292,1379
ENSG00000111640,1380
ENSG00000111665,1381
ENSG00000111678,1382
ENSG00000177675,1383
ENSG00000177575,1384
ENSG00000166535,1385
ENSG00000175899,1386
ENSG00000126838,1387
ENSG00000172243,1388
ENSG00000111196,1389
ENSG00000139083,1390
ENSG00000070018,1391
ENSG00000013583,1392
ENSG00000084444,1393
ENSG00000134531,1394
ENSG00000134533,1395
ENSG00000121350,1396
ENSG00000111728,1397
ENSG00000060982,1398
ENSG00000211455,1399
ENSG00000029153,1400
ENSG00000110900,1401
ENSG00000139146,1402
ENSG00000151743,1403
ENSG00000175548,1404
ENSG00000139117,1405
ENSG00000111371,1406
ENSG00000211584,1407
ENSG00000061273,1408
ENSG00000174233,1409
ENSG00000172602,1410
ENSG00000167548,1411
ENSG00000139644,1412
ENSG00000110934,1413
ENSG00000139629,1414
ENSG00000050438,1415
ENSG00000135503,1416
ENSG00000135480,1417
ENSG00000170442,1418
ENSG00000205426,1419
ENSG00000185479,1420
ENSG00000170465,1421
ENSG00000205420,1422
ENSG00000186081,1423
ENSG00000111057,1424
ENSG00000111077,1425
ENSG00000167778,1426
ENSG00000139631,1427
ENSG00000139651,1428
ENSG00000139626,1429
ENSG00000182544,1430
ENSG00000139637,1431
ENSG00000094914,1432
ENSG00000205352,1433
ENSG00000197111,1434
ENSG00000135390,1435
ENSG00000123415,1436
ENSG00000111481,1437
ENSG00000161642,1438
ENSG00000135441,1439
ENSG00000135392,1440
ENSG00000111540,1441
ENSG00000139531,1442
ENSG00000065361,1443
ENSG00000135482,1444
ENSG00000139613,1445
ENSG00000135469,1446
ENSG00000179912,1447
ENSG00000175203,1448
ENSG00000178498,1449
ENSG00000135452,1450
ENSG00000139266,1451
ENSG00000061987,1452
ENSG00000111110,1453
ENSG00000118600,1454
ENSG00000196935,1455
ENSG00000174206,1456
ENSG00000111490,1457
ENSG00000155957,1458
ENSG00000155974,1459
ENSG00000111554,1460
ENSG00000135679,1461
ENSG00000166225,1462
ENSG00000127328,1463
ENSG00000127329,1464
ENSG00000133858,1465
ENSG00000253719,1466
ENSG00000139278,1467
ENSG00000179941,1468
ENSG00000175183,1469
ENSG00000067798,1470
ENSG00000111052,1471
ENSG00000111058,1472
ENSG00000198707,1473
ENSG00000049130,1474
ENSG00000139323,1475
ENSG00000173598,1476
ENSG00000120833,1477
ENSG00000169372,1478
ENSG00000111144,1479
ENSG00000059758,1480
ENSG00000185046,1481
ENSG00000111647,1482
ENSG00000166598,1483
ENSG00000171310,1484
ENSG00000136010,1485
ENSG00000136044,1486
ENSG00000166046,1487
ENSG00000120832,1488
ENSG00000110876,1489
ENSG00000110880,1490
ENSG00000135093,1491
ENSG00000076555,1492
ENSG00000204842,1493
ENSG00000111275,1494
ENSG00000198270,1495
ENSG00000173064,1496
ENSG00000186815,1497
ENSG00000135094,1498
ENSG00000139410,1499
ENSG00000123066,1500
ENSG00000174989,1501
ENSG00000111725,1502
ENSG00000135127,1503
ENSG00000110871,1504
ENSG00000122971,1505
ENSG00000157837,1506
ENSG00000188735,1507
ENSG00000175727,1508
ENSG00000196917,1509
ENSG00000168778,1510
ENSG00000178882,1511
ENSG00000090615,1512
ENSG00000072609,1513
ENSG00000032742,1514
ENSG00000165480,1515
ENSG00000151835,1516
ENSG00000151846,1517
ENSG00000132932,1518
ENSG00000180730,1519
ENSG00000132964,1520
ENSG00000132970,1521
ENSG00000122026,1522
ENSG00000139517,1523
ENSG00000139514,1524
ENSG00000132965,1525
ENSG00000172915,1526
ENSG00000102760,1527
ENSG00000023516,1528
ENSG00000133106,1529
ENSG00000120675,1530
ENSG00000151773,1531
ENSG00000136156,1532
ENSG00000139679,1533
ENSG00000102547,1534
ENSG00000136169,1535
ENSG00000136144,1536
ENSG00000123178,1537
ENSG00000204977,1538
ENSG00000102786,1539
ENSG00000102796,1540
ENSG00000123191,1541
ENSG00000253710,1542
ENSG00000253797,1543
ENSG00000083535,1544
ENSG00000102554,1545
ENSG00000184564,1546
ENSG00000125257,1547
ENSG00000134874,1548
ENSG00000185352,1549
ENSG00000175198,1550
ENSG00000102524,1551
ENSG00000134871,1552
ENSG00000068650,1553
ENSG00000126217,1554
ENSG00000183087,1555
ENSG00000165821,1556
ENSG00000092068,1557
ENSG00000100842,1558
ENSG00000215256,1559
ENSG00000213920,1560
ENSG00000129465,1561
ENSG00000139910,1562
ENSG00000129521,1563
ENSG00000129514,1564
ENSG00000139865,1565
ENSG00000176435,1566
ENSG00000198718,1567
ENSG00000125375,1568
ENSG00000100523,1569
ENSG00000198554,1570
ENSG00000126787,1571
ENSG00000050130,1572
ENSG00000126778,1573
ENSG00000100644,1574
ENSG00000033170,1575
ENSG00000182185,1576
ENSG00000072110,1577
ENSG00000029364,1578
ENSG00000133983,1579
ENSG00000213463,1580
ENSG00000119661,1581
ENSG00000156050,1582
ENSG00000119636,1583
ENSG00000119638,1584
ENSG00000133935,1585
ENSG00000119699,1586
ENSG00000151445,1587
ENSG00000100629,1588
ENSG00000205579,1589
ENSG00000140022,1590
ENSG00000165533,1591
ENSG00000100764,1592
ENSG00000165934,1593
ENSG00000089737,1594
ENSG00000165948,1595
ENSG00000176438,1596
ENSG00000100749,1597
ENSG00000127152,1598
ENSG00000196405,1599
ENSG00000168350,1600
ENSG00000203485,1601
ENSG00000179627,1602
ENSG00000140104,1603
ENSG00000170779,1604
ENSG00000184916,1605
ENSG00000213145,1606
ENSG00000128739,1607
ENSG00000198690,1608
ENSG00000166912,1609
ENSG00000166922,1610
ENSG00000248905,1611
ENSG00000169857,1612
ENSG00000215252,1613
ENSG00000134146,1614
ENSG00000150667,1615
ENSG00000128928,1616
ENSG00000137824,1617
ENSG00000166140,1618
ENSG00000166145,1619
ENSG00000104142,1620
ENSG00000137802,1621
ENSG00000166887,1622
ENSG00000137842,1623
ENSG00000168806,1624
ENSG00000168803,1625
ENSG00000140265,1626
ENSG00000168781,1627
ENSG00000237289,1628
ENSG00000167004,1629
ENSG00000140264,1630
ENSG00000242028,1631
ENSG00000166734,1632
ENSG00000179523,1633
ENSG00000104133,1634
ENSG00000140263,1635
ENSG00000171766,1636
ENSG00000104154,1637
ENSG00000255302,1638
ENSG00000140284,1639
ENSG00000138600,1640
ENSG00000128833,1641
ENSG00000128989,1642
ENSG00000047346,1643
ENSG00000151575,1644
ENSG00000137871,1645
ENSG00000157456,1646
ENSG00000128915,1647
ENSG00000069667,1648
ENSG00000129003,1649
ENSG00000140416,1650
ENSG00000185088,1651
ENSG00000138613,1652
ENSG00000074410,1653
ENSG00000140455,1654
ENSG00000103657,1655
ENSG00000138615,1656
ENSG00000074696,1657
ENSG00000074621,1658
ENSG00000174485,1659
ENSG00000103769,1660
ENSG00000166938,1661
ENSG00000166949,1662
ENSG00000103591,1663
ENSG00000138604,1664
ENSG00000137807,1665
ENSG00000140332,1666
ENSG00000187720,1667
ENSG00000140463,1668
ENSG00000173546,1669
ENSG00000140391,1670
ENSG00000140395,1671
ENSG00000166426,1672
ENSG00000169684,1673
ENSG00000140379,1674
ENSG00000086666,1675
ENSG00000103876,1676
ENSG00000172379,1677
ENSG00000136379,1678
ENSG00000183496,1679
ENSG00000064726,1680
ENSG00000136404,1681
ENSG00000166503,1682
ENSG00000177082,1683
ENSG00000197696,1684
ENSG00000140511,1685
ENSG00000140545,1686
ENSG00000140526,1687
ENSG00000166821,1688
ENSG00000166825,1689
ENSG00000185033,1690
ENSG00000185043,1691
ENSG00000183208,1692
ENSG00000185442,1693
ENSG00000182175,1694
ENSG00000140563,1695
ENSG00000140443,1696
ENSG00000182253,1697
ENSG00000140479,1698
ENSG00000185596,1699
ENSG00000076344,1700
ENSG00000197562,1701
ENSG00000172366,1702
ENSG00000161996,1703
ENSG00000140983,1704
ENSG00000103266,1705
ENSG00000161999,1706
ENSG00000103260,1707
ENSG00000162004,1708
ENSG00000103253,1709
ENSG00000103245,1710
ENSG00000102854,1711
ENSG00000103227,1712
ENSG00000172236,1713
ENSG00000090581,1714
ENSG00000059145,1715
ENSG00000103249,1716
ENSG00000100726,1717
ENSG00000187535,1718
ENSG00000206053,1719
ENSG00000103024,1720
ENSG00000074071,1721
ENSG00000197774,1722
ENSG00000162032,1723
ENSG00000095906,1724
ENSG00000063854,1725
ENSG00000180185,1726
ENSG00000140990,1727
ENSG00000127554,1728
ENSG00000167964,1729
ENSG00000167965,1730
ENSG00000184207,1731
ENSG00000167969,1732
ENSG00000167972,1733
ENSG00000162066,1734
ENSG00000205918,1735
ENSG00000167978,1736
ENSG00000162078,1737
ENSG00000162076,1738
ENSG00000059122,1739
ENSG00000008517,1740
ENSG00000122386,1741
ENSG00000006194,1742
ENSG00000162086,1743
ENSG00000140987,1744
ENSG00000103343,1745
ENSG00000122390,1746
ENSG00000162104,1747
ENSG00000168140,1748
ENSG00000168101,1749
ENSG00000118898,1750
ENSG00000033011,1751
ENSG00000183044,1752
ENSG00000175595,1753
ENSG00000186260,1754
ENSG00000156968,1755
ENSG00000167186,1756
ENSG00000103528,1757
ENSG00000102897,1758
ENSG00000168434,1759
ENSG00000166851,1760
ENSG00000166501,1761
ENSG00000205629,1762
ENSG00000169189,1763
ENSG00000103522,1764
ENSG00000047578,1765
ENSG00000188603,1766
ENSG00000196502,1767
ENSG00000149932,1768
ENSG00000090238,1769
ENSG00000102882,1770
ENSG00000169217,1771
ENSG00000180035,1772
ENSG00000179918,1773
ENSG00000169955,1774
ENSG00000197162,1775
ENSG00000156853,1776
ENSG00000156860,1777
ENSG00000102870,1778
ENSG00000175938,1779
ENSG00000099377,1780
ENSG00000103490,1781
ENSG00000140688,1782
ENSG00000197476,1783
ENSG00000155330,1784
ENSG00000166123,1785
ENSG00000121270,1786
ENSG00000102910,1787
ENSG00000103460,1788
ENSG00000159461,1789
ENSG00000102900,1790
ENSG00000140853,1791
ENSG00000006210,1792
ENSG00000135736,1793
ENSG00000103005,1794
ENSG00000181938,1795
ENSG00000103037,1796
ENSG00000089505,1797
ENSG00000172824,1798
ENSG00000062038,1799
ENSG00000198373,1800
ENSG00000157368,1801
ENSG00000132613,1802
ENSG00000172137,1803
ENSG00000140829,1804
ENSG00000168404,1805
ENSG00000186187,1806
ENSG00000184517,1807
ENSG00000153774,1808
ENSG00000205084,1809
ENSG00000166509,1810
ENSG00000103121,1811
ENSG00000166451,1812
ENSG00000140905,1813
ENSG00000197943,1814
ENSG00000135698,1815
ENSG00000140950,1816
ENSG00000103187,1817
ENSG00000103257,1818
ENSG00000158545,1819
ENSG00000167508,1820
ENSG00000167513,1821
ENSG00000170100,1822
ENSG00000158805,1823
ENSG00000140995,1824
ENSG00000177946,1825
ENSG00000183688,1826
ENSG00000167693,1827
ENSG00000167716,1828
ENSG00000185924,1829
ENSG00000167720,1830
ENSG00000141258,1831
ENSG00000197417,1832
ENSG00000074370,1833
ENSG00000167740,1834
ENSG00000180787,1835
ENSG00000029725,1836
ENSG00000129195,1837
ENSG00000072818,1838
ENSG00000182224,1839
ENSG00000178971,1840
ENSG00000166579,1841
ENSG00000214941,1842
ENSG00000141027,1843
ENSG00000108474,1844
ENSG00000141040,1845
ENSG00000170160,1846
ENSG00000188933,1847
ENSG00000108551,1848
ENSG00000175662,1849
ENSG00000171962,1850
ENSG00000141034,1851
ENSG00000131899,1852
ENSG00000177427,1853
ENSG00000176994,1854
ENSG00000171928,1855
ENSG00000083290,1856
ENSG00000108599,1857
ENSG00000109016,1858
ENSG00000168792,1859
ENSG00000181481,1860
ENSG00000131242,1861
ENSG00000172301,1862
ENSG00000126858,1863
ENSG00000108666,1864
ENSG00000181374,1865
ENSG00000166750,1866
ENSG00000172123,1867
ENSG00000154760,1868
ENSG00000141750,1869
ENSG00000131771,1870
ENSG00000131759,1871
ENSG00000141753,1872
ENSG00000167920,1873
ENSG00000108244,1874
ENSG00000171346,1875
ENSG00000186847,1876
ENSG00000186832,1877
ENSG00000128422,1878
ENSG00000178502,1879
ENSG00000177469,1880
ENSG00000033627,1881
ENSG00000108784,1882
ENSG00000068120,1883
ENSG00000141699,1884
ENSG00000108799,1885
ENSG00000131477,1886
ENSG00000131475,1887
ENSG00000126562,1888
ENSG00000108852,1889
ENSG00000141349,1890
ENSG00000168591,1891
ENSG00000167131,1892
ENSG00000181513,1893
ENSG00000186834,1894
ENSG00000168517,1895
ENSG00000186868,1896
ENSG00000073969,1897
ENSG00000141295,1898
ENSG00000108439,1899
ENSG00000167183,1900
ENSG00000198740,1901
ENSG00000015532,1902
ENSG00000108826,1903
ENSG00000136457,1904
ENSG00000136444,1905
ENSG00000049283,1906
ENSG00000006282,1907
ENSG00000141232,1908
ENSG00000141198,1909
ENSG00000166260,1910
ENSG00000166263,1911
ENSG00000108960,1912
ENSG00000153944,1913
ENSG00000180891,1914
ENSG00000011143,1915
ENSG00000068489,1916
ENSG00000175155,1917
ENSG00000141367,1918
ENSG00000068097,1919
ENSG00000170832,1920
ENSG00000170921,1921
ENSG00000007312,1922
ENSG00000108654,1923
ENSG00000154229,1924
ENSG00000075461,1925
ENSG00000186665,1926
ENSG00000141337,1927
ENSG00000108932,1928
ENSG00000154258,1929
ENSG00000154262,1930
ENSG00000154263,1931
ENSG00000154265,1932
ENSG00000133195,1933
ENSG00000166685,1934
ENSG00000133193,1935
ENSG00000109062,1936
ENSG00000161513,1937
ENSG00000167861,1938
ENSG00000170190,1939
ENSG00000125458,1940
ENSG00000125457,1941
ENSG00000177728,1942
ENSG00000073350,1943
ENSG00000188878,1944
ENSG00000176170,1945
ENSG00000070731,1946
ENSG00000234912,1947
ENSG00000108679,1948
ENSG00000171302,1949
ENSG00000173894,1950
ENSG00000141582,1951
ENSG00000167291,1952
ENSG00000181045,1953
ENSG00000226137,1954
ENSG00000169738,1955
ENSG00000169733,1956
ENSG00000169710,1957
ENSG00000176155,1958
ENSG00000169660,1959
ENSG00000176105,1960
ENSG00000080986,1961
ENSG00000101608,1962
ENSG00000154655,1963
ENSG00000154856,1964
ENSG00000141401,1965
ENSG00000176014,1966
ENSG00000168675,1967
ENSG00000180777,1968
ENSG00000141449,1969
ENSG00000158201,1970
ENSG00000168234,1971
ENSG00000134762,1972
ENSG00000134755,1973
ENSG00000134757,1974
ENSG00000166974,1975
ENSG00000186812,1976
ENSG00000172466,1977
ENSG00000186496,1978
ENSG00000141424,1979
ENSG00000134759,1980
ENSG00000078142,1981
ENSG00000152223,1982
ENSG00000134049,1983
ENSG00000177576,1984
ENSG00000101751,1985
ENSG00000041353,1986
ENSG00000081923,1987
ENSG00000049759,1988
ENSG00000074657,1989
ENSG00000141655,1990
ENSG00000171791,1991
ENSG00000206075,1992
ENSG00000166401,1993
ENSG00000150636,1994
ENSG00000166347,1995
ENSG00000099864,1996
ENSG00000099812,1997
ENSG00000197766,1998
ENSG00000064666,1999
ENSG00000064687,2000
ENSG00000167470,2001
ENSG00000160953,2002
ENSG00000130005,2003
ENSG00000115255,2004
ENSG00000127540,2005
ENSG00000227500,2006
ENSG00000065000,2007
ENSG00000141873,2008
ENSG00000186111,2009
ENSG00000105289,2010
ENSG00000183617,2011
ENSG00000167658,2012
ENSG00000178951,2013
ENSG00000167671,2014
ENSG00000171236,2015
ENSG00000167680,2016
ENSG00000142002,2017
ENSG00000141965,2018
ENSG00000127663,2019
ENSG00000187650,2020
ENSG00000125652,2021
ENSG00000130545,2022
ENSG00000205744,2023
ENSG00000125734,2024
ENSG00000130544,2025
ENSG00000104883,2026
ENSG00000090674,2027
ENSG00000076826,2028
ENSG00000076944,2029
ENSG00000090661,2030
ENSG00000167785,2031
ENSG00000188321,2032
ENSG00000105088,2033
ENSG00000129354,2034
ENSG00000129353,2035
ENSG00000105514,2036
ENSG00000105518,2037
ENSG00000183401,2038
ENSG00000105520,2039
ENSG00000197933,2040
ENSG00000197044,2041
ENSG00000196757,2042
ENSG00000197054,2043
ENSG00000223547,2044
ENSG00000196646,2045
ENSG00000197857,2046
ENSG00000196466,2047
ENSG00000180855,2048
ENSG00000242852,2049
ENSG00000132004,2050
ENSG00000179218,2051
ENSG00000008441,2052
ENSG00000132003,2053
ENSG00000104998,2054
ENSG00000141858,2055
ENSG00000123146,2056
ENSG00000167460,2057
ENSG00000127527,2058
ENSG00000105649,2059
ENSG00000130517,2060
ENSG00000130513,2061
ENSG00000051128,2062
ENSG00000105708,2063
ENSG00000184635,2064
ENSG00000256229,2065
ENSG00000237440,2066
ENSG00000188171,2067
ENSG00000118620,2068
ENSG00000196705,2069
ENSG00000196268,2070
ENSG00000197013,2071
ENSG00000197020,2072
ENSG00000198521,2073
ENSG00000197372,2074
ENSG00000196172,2075
ENSG00000213096,2076
ENSG00000166289,2077
ENSG00000131943,2078
ENSG00000105173,2079
ENSG00000153885,2080
ENSG00000180884,2081
ENSG00000089327,2082
ENSG00000105699,2083
ENSG00000161249,2084
ENSG00000167595,2085
ENSG00000075702,2086
ENSG00000142065,2087
ENSG00000198453,2088
ENSG00000181666,2089
ENSG00000105738,2090
ENSG00000167641,2091
ENSG00000090924,2092
ENSG00000090013,2093
ENSG00000105245,2094
ENSG00000167578,2095
ENSG00000256612,2096
ENSG00000011422,2097
ENSG00000104783,2098
ENSG00000186019,2099
ENSG00000187244,2100
ENSG00000130202,2101
ENSG00000104856,2102
ENSG00000182013,2103
ENSG00000160007,2104
ENSG00000105327,2105
ENSG00000105402,2106
ENSG00000130529,2107
ENSG00000104894,2108
ENSG00000074219,2109
ENSG00000104870,2110
ENSG00000142552,2111
ENSG00000126460,2112
ENSG00000104951,2113
ENSG00000213024,2114
ENSG00000169136,2115
ENSG00000167754,2116
ENSG00000167755,2117
ENSG00000169035,2118
ENSG00000129455,2119
ENSG00000161551,2120
ENSG00000176024,2121
ENSG00000256683,2122
ENSG00000197619,2123
ENSG00000256087,2124
ENSG00000196267,2125
ENSG00000167562,2126
ENSG00000167766,2127
ENSG00000213020,2128
ENSG00000198538,2129
ENSG00000204604,2130
ENSG00000182986,2131
ENSG00000213793,2132
ENSG00000170949,2133
ENSG00000197937,2134
ENSG00000213799,2135
ENSG00000167608,2136
ENSG00000167614,2137
ENSG00000167617,2138
ENSG00000131037,2139
ENSG00000213015,2140
ENSG00000173581,2141
ENSG00000198046,2142
ENSG00000178229,2143
ENSG00000152443,2144
ENSG00000178935,2145
ENSG00000204514,2146
ENSG00000198466,2147
ENSG00000173480,2148
ENSG00000166704,2149
ENSG00000181894,2150
ENSG00000083838,2151
ENSG00000130724,2152
ENSG00000196476,2153
ENSG00000101255,2154
ENSG00000125826,2155
ENSG00000215305,2156
ENSG00000132670,2157
ENSG00000125901,2158
ENSG00000198171,2159
ENSG00000171867,2160
ENSG00000089063,2161
ENSG00000132623,2162
ENSG00000132640,2163
ENSG00000089177,2164
ENSG00000132661,2165
ENSG00000173335,2166
ENSG00000101439,2167
ENSG00000130684,2168
ENSG00000088325,2169
ENSG00000125967,2170
ENSG00000101417,2171
ENSG00000101019,2172
ENSG00000101335,2173
ENSG00000149639,2174
ENSG00000101342,2175
ENSG00000080839,2176
ENSG00000197122,2177
ENSG00000149633,2178
ENSG00000170471,2179
ENSG00000101447,2180
ENSG00000132793,2181
ENSG00000185513,2182
ENSG00000149596,2183
ENSG00000197296,2184
ENSG00000124249,2185
ENSG00000101098,2186
ENSG00000124107,2187
ENSG00000124145,2188
ENSG00000204070,2189
ENSG00000124155,2190
ENSG00000101443,2191
ENSG00000197496,2192
ENSG00000124126,2193
ENSG00000124198,2194
ENSG00000172216,2195
ENSG00000124171,2196
ENSG00000026559,2197
ENSG00000171940,2198
ENSG00000064787,2199
ENSG00000101134,2200
ENSG00000215440,2201
ENSG00000132825,2202
ENSG00000092758,2203
ENSG00000125534,2204
ENSG00000203880,2205
ENSG00000235609,2206
ENSG00000180530,2207
ENSG00000154640,2208
ENSG00000154645,2209
ENSG00000142192,2210
ENSG00000159110,2211
ENSG00000243627,2212
ENSG00000159200,2213
ENSG00000159228,2214
ENSG00000159231,2215
ENSG00000157557,2216
ENSG00000183527,2217
ENSG00000235123,2218
ENSG00000160179,2219
ENSG00000160180,2220
ENSG00000160182,2221
ENSG00000160188,2222
ENSG00000160191,2223
ENSG00000160200,2224
ENSG00000184900,2225
ENSG00000160307,2226
ENSG00000237438,2227
ENSG00000243156,2228
ENSG00000161133,2229
ENSG00000133433,2230
ENSG00000099984,2231
ENSG00000100077,2232
ENSG00000099992,2233
ENSG00000099999,2234
ENSG00000138942,2235
ENSG00000182541,2236
ENSG00000100105,2237
ENSG00000241878,2238
ENSG00000133424,2239
ENSG00000100302,2240
ENSG00000221963,2241
ENSG00000100342,2242
ENSG00000128340,2243
ENSG00000100139,2244
ENSG00000100146,2245
ENSG00000100196,2246
ENSG00000100242,2247
ENSG00000244491,2248
ENSG00000128268,2249
ENSG00000167077,2250
ENSG00000100147,2251
ENSG00000229891,2252
ENSG00000100266,2253
ENSG00000100290,2254
ENSG00000186654,2255
ENSG00000241990,2256
ENSG00000075218,2257
ENSG00000075275,2258
ENSG00000073169,2259
ENSG00000128159,2260
ENSG00000205593,2261
ENSG00000100288,2262
ENSG00000100299,2263
ENSG00000079974,2264
ENSG00000183943,2265
ENSG00000101846,2266
ENSG00000006757,2267
ENSG00000073464,2268
ENSG00000101871,2269
ENSG00000005302,2270
ENSG00000123595,2271
ENSG00000046647,2272
ENSG00000181544,2273
ENSG00000126010,2274
ENSG00000131831,2275
ENSG00000102098,2276
ENSG00000008086,2277
ENSG00000044446,2278
ENSG00000177189,2279
ENSG00000123131,2280
ENSG00000123130,2281
ENSG00000005889,2282
ENSG00000147027,2283
ENSG00000130962,2284
ENSG00000189221,2285
ENSG00000069535,2286
ENSG00000124479,2287
ENSG00000017483,2288
ENSG00000102109,2289
ENSG00000102096,2290
ENSG00000102007,2291
ENSG00000171365,2292
ENSG00000179222,2293
ENSG00000187243,2294
ENSG00000154545,2295
ENSG00000102316,2296
ENSG00000204271,2297
ENSG00000165591,2298
ENSG00000198455,2299
ENSG00000186767,2300
ENSG00000184675,2301
ENSG00000126970,2302
ENSG00000089472,2303
ENSG00000169083,2304
ENSG00000089289,2305
ENSG00000147168,2306
ENSG00000204116,2307
ENSG00000078589,2308
ENSG00000131171,2309
ENSG00000072133,2310
ENSG00000155008,2311
ENSG00000102362,2312
ENSG00000102393,2313
ENSG00000166432,2314
ENSG00000125962,2315
ENSG00000133142,2316
ENSG00000196507,2317
ENSG00000172465,2318
ENSG00000123575,2319
ENSG00000133131,2320
ENSG00000147234,2321
ENSG00000077274,2322
ENSG00000101901,2323
ENSG00000126016,2324
ENSG00000102024,2325
ENSG00000131725,2326
ENSG00000131724,2327
ENSG00000198918,2328
ENSG00000101882,2329
ENSG00000171155,2330
ENSG00000182890,2331
ENSG00000122126,2332
ENSG00000171388,2333
ENSG00000102078,2334
ENSG00000123728,2335
ENSG00000156504,2336
ENSG00000186376,2337
ENSG00000198689,2338
ENSG00000102243,2339
ENSG00000241769,2340
ENSG00000147400,2341
ENSG00000196924,2342
ENSG00000185010,2343
